model,n,G,BIC,logLik,df,hypvol
VEV,14423,9,-320643.599738392,-159972.25471987,73,
