model,n,G,BIC,logLik,df,hypvol
VEV,14423,9,-320643.678763228,-159972.294232288,73,
