PC,std.dev,percent,cumulative
1,1.68787880837942,0.94964,0.94964
2,0.358289035085844,0.04279,0.99244
3,0.150645595887629,0.00756,1
