var,PC1,PC2,labels
q1_tr,0.576495179105708,-0.599766819891118,q1
q30_tr,0.568255639382976,0.782289602719025,q30
q7_tr,0.587144647235521,-0.168234179747773,q7
